<?xml version="1.0" encoding="utf-8"?>

<instance xmlns="http://www.exelearning.org/content/v0.3" reference="1" version="0.3" xmlns:xsi="http://www.w3.org/2001/XMLSchema-instance" xsi:schemalocation="http://www.exelearning.org/content/v0.3 content.xsd" class="exe.engine.package.Package">
 <dictionary>
  <string role="key" value="_title"></string>
  <unicode value="超級瑪麗"></unicode>
  <string role="key" value="idevices"></string>
  <list></list>
  <string role="key" value="_addPagination"></string>
  <bool value="0"></bool>
  <string role="key" value="_addSearchBox"></string>
  <bool value="0"></bool>
  <string role="key" value="_author"></string>
  <unicode value=""></unicode>
  <string role="key" value="_backgroundImg"></string>
  <unicode value=""></unicode>
  <string role="key" value="_contextMode"></string>
  <unicode value=""></unicode>
  <string role="key" value="_contextPlace"></string>
  <unicode value=""></unicode>
  <string role="key" value="_description"></string>
  <unicode value=""></unicode>
  <string role="key" value="_docType"></string>
  <unicode value="HTML5"></unicode>
  <string role="key" value="_exportElp"></string>
  <bool value="0"></bool>
  <string role="key" value="_extraHeadContent"></string>
  <unicode value=""></unicode>
  <string role="key" value="_fieldValidationInfo"></string>
  <dictionary>
   <unicode role="key" value="all"></unicode>
   <dictionary>
    <unicode role="key" value="mandatory_fields"></unicode>
    <list>
     <unicode value="pp_title"></unicode>
     <unicode value="pp_lang"></unicode>
     <unicode value="pp_description"></unicode>
     <unicode value="pp_author"></unicode>
     <unicode value="pp_newlicense"></unicode>
    </list>
   </dictionary>
   <unicode role="key" value="procomun"></unicode>
   <dictionary>
    <unicode role="key" value="mandatory_fields"></unicode>
    <list>
     <unicode value="pp_learningResourceType"></unicode>
    </list>
    <unicode role="key" value="values_from_list"></unicode>
    <dictionary>
     <unicode role="key" value="pp_learningResourceType"></unicode>
     <list>
      <unicode value="master class"></unicode>
      <unicode value="closed exercise or problem"></unicode>
      <unicode value="real project"></unicode>
      <unicode value="didactic game"></unicode>
      <unicode value="webquest"></unicode>
      <unicode value="open problem"></unicode>
      <unicode value="simulation"></unicode>
      <unicode value="questionnaire"></unicode>
      <unicode value="conceptual map"></unicode>
     </list>
    </dictionary>
   </dictionary>
  </dictionary>
  <string role="key" value="_intendedEndUserRoleGroup"></string>
  <bool value="0"></bool>
  <string role="key" value="_intendedEndUserRoleTutor"></string>
  <bool value="0"></bool>
  <string role="key" value="_intendedEndUserRoleType"></string>
  <unicode value=""></unicode>
  <string role="key" value="_isChanged"></string>
  <bool value="0"></bool>
  <string role="key" value="_isTemplate"></string>
  <bool value="0"></bool>
  <string role="key" value="_lang"></string>
  <unicode value="zh_TW"></unicode>
  <string role="key" value="_learningResourceType"></string>
  <unicode value=""></unicode>
  <string role="key" value="_levelNames"></string>
  <list>
   <unicode value="主題"></unicode>
   <unicode value="章節"></unicode>
   <unicode value="單元"></unicode>
  </list>
  <string role="key" value="_name"></string>
  <unicode value="AI_"></unicode>
  <string role="key" value="_nextIdeviceId"></string>
  <int value="6"></int>
  <string role="key" value="_nextNodeId"></string>
  <int value="4"></int>
  <string role="key" value="_nodeIdDict"></string>
  <dictionary>
   <unicode role="key" value="0"></unicode>
   <instance class="exe.engine.node.Node" reference="9">
    <dictionary>
     <string role="key" value="_title"></string>
     <unicode value="首頁"></unicode>
     <string role="key" value="idevices"></string>
     <list></list>
     <string role="key" value="_id"></string>
     <unicode value="0"></unicode>
     <string role="key" value="_package"></string>
     <reference key="1"></reference>
     <string role="key" value="exe.engine.node.Node.persistenceVersion"></string>
     <int value="2"></int>
     <string role="key" value="exportType"></string>
     <string value="scorm"></string>
     <string role="key" value="last_full_node_path"></string>
     <string value="exe-node:%E9%A6%96%E9%A0%81"></string>
     <string role="key" value="parent"></string>
     <none></none>
     <string role="key" value="children"></string>
     <list>
      <instance class="exe.engine.node.Node" reference="4">
       <dictionary>
        <string role="key" value="_title"></string>
        <unicode value="AI-超級瑪莉攻略"></unicode>
        <string role="key" value="idevices"></string>
        <list>
         <instance class="exe.engine.jsidevice.JsIdevice" reference="2">
          <dictionary>
           <string role="key" value="_title"></string>
           <unicode value="任務-安裝環境"></unicode>
           <string role="key" value="_attributes"></string>
           <list>
            <tuple>
             <string value="title"></string>
             <list>
              <string value="Title"></string>
              <int value="0"></int>
              <int value="0"></int>
             </list>
            </tuple>
            <tuple>
             <string value="category"></string>
             <list>
              <string value="Category"></string>
              <int value="0"></int>
              <int value="1"></int>
             </list>
            </tuple>
            <tuple>
             <string value="css-class"></string>
             <list>
              <string value="CSS class"></string>
              <int value="0"></int>
              <int value="2"></int>
             </list>
            </tuple>
            <tuple>
             <string value="icon"></string>
             <list>
              <string value="Icon"></string>
              <int value="0"></int>
              <int value="3"></int>
             </list>
            </tuple>
           </list>
           <string role="key" value="_author"></string>
           <string value=""></string>
           <string role="key" value="_iDeviceDir"></string>
           <string value="pbl-tools"></string>
           <string role="key" value="_purpose"></string>
           <string value=""></string>
           <string role="key" value="_tip"></string>
           <string value=""></string>
           <string role="key" value="_valid"></string>
           <bool value="1"></bool>
           <string role="key" value="class_"></string>
           <unicode value="pbl"></unicode>
           <string role="key" value="edit"></string>
           <bool value="0"></bool>
           <string role="key" value="emphasis"></string>
           <int value="1"></int>
           <string role="key" value="exe.engine.jsidevice.JsIdevice.persistenceVersion"></string>
           <int value="1"></int>
           <string role="key" value="fields"></string>
           <list>
            <instance class="exe.engine.field.TextAreaField" reference="3">
             <dictionary>
              <string role="key" value="_id"></string>
              <unicode value="117_2"></unicode>
              <string role="key" value="_idevice"></string>
              <reference key="2"></reference>
              <string role="key" value="_instruc"></string>
              <string value=""></string>
              <string role="key" value="_name"></string>
              <string value=""></string>
              <string role="key" value="anchor_names"></string>
              <list></list>
              <string role="key" value="anchors_linked_from_fields"></string>
              <dictionary></dictionary>
              <string role="key" value="content_w_resourcePaths"></string>
              <unicode content="true" value="&lt;dl class=&quot;pbl-task-info&quot;&gt;&lt;dt class=&quot;pbl-task-duration&quot;&gt;&lt;span&gt;期間:&lt;/span&gt;&lt;/dt&gt;&lt;dd class=&quot;pbl-task-duration&quot;&gt;60:00&lt;/dd&gt;&lt;/dl&gt;&lt;div class=&quot;pbl-task-description&quot;&gt;&lt;p&gt;步驟1&lt;/p&gt;
&lt;p&gt;&lt;img src=&quot;resources/_1.png&quot; alt=&quot;安裝環境1&quot; width=&quot;361&quot; height=&quot;241&quot; /&gt;&lt;/p&gt;
&lt;p&gt;步驟2&lt;/p&gt;
&lt;p&gt;&lt;img src=&quot;resources/_2.png&quot; alt=&quot;&quot; title=&quot;安裝環境2&quot; width=&quot;362&quot; height=&quot;215&quot; /&gt;&lt;/p&gt;
&lt;p&gt;步驟3&lt;/p&gt;
&lt;p&gt;&lt;img src=&quot;resources/_3.png&quot; alt=&quot;&quot; width=&quot;378&quot; height=&quot;208&quot; /&gt;&lt;/p&gt;
&lt;p&gt;呈現畫面&lt;/p&gt;
&lt;p&gt;&lt;img src=&quot;resources/4.png&quot; alt=&quot;&quot; width=&quot;392&quot; height=&quot;185&quot; /&gt;&lt;/p&gt;&lt;/div&gt;"></unicode>
              <string role="key" value="exe.engine.field.Field.persistenceVersion"></string>
              <int value="4"></int>
              <string role="key" value="exe.engine.field.FieldWithResources.persistenceVersion"></string>
              <int value="2"></int>
              <string role="key" value="exe.engine.field.TextAreaField.persistenceVersion"></string>
              <int value="3"></int>
              <string role="key" value="htmlTag"></string>
              <string value="div"></string>
              <string role="key" value="images"></string>
              <instance class="exe.engine.galleryidevice.GalleryImages">
               <dictionary>
                <string role="key" value=".listitems"></string>
                <list>
                 <instance class="exe.engine.galleryidevice.GalleryImage">
                  <dictionary>
                   <string role="key" value="_caption"></string>
                   <instance class="exe.engine.field.TextField">
                    <dictionary>
                     <string role="key" value="_id"></string>
                     <int value="229"></int>
                     <string role="key" value="_idevice"></string>
                     <none></none>
                     <string role="key" value="_instruc"></string>
                     <string value=""></string>
                     <string role="key" value="_name"></string>
                     <string value=""></string>
                     <string role="key" value="content"></string>
                     <string value=""></string>
                     <string role="key" value="exe.engine.field.Field.persistenceVersion"></string>
                     <int value="4"></int>
                    </dictionary>
                   </instance>
                   <string role="key" value="_id"></string>
                   <unicode value="3_117_2.4"></unicode>
                   <string role="key" value="_imageResource"></string>
                   <instance class="exe.engine.resource.Resource" reference="5">
                    <dictionary>
                     <string role="key" value="_idevice"></string>
                     <reference key="2"></reference>
                     <string role="key" value="_package"></string>
                     <reference key="1"></reference>
                     <string role="key" value="_storageName"></string>
                     <string value="_2.png"></string>
                     <string role="key" value="_userName"></string>
                     <string value="/var/folders/qn/8hytlrh50gz07vl76sw8p3sc0000gp/T/tmpF74MnP/_2.png"></string>
                     <string role="key" value="checksum"></string>
                     <string value="53794e9815ff05104951e798d0de4a4c"></string>
                     <string role="key" value="exe.engine.resource.Resource.persistenceVersion"></string>
                     <int value="2"></int>
                     <string role="key" value="exe.engine.resource._Resource.persistenceVersion"></string>
                     <int value="2"></int>
                     <string role="key" value="warningMsg"></string>
                     <string value=""></string>
                    </dictionary>
                   </instance>
                   <string role="key" value="_parent"></string>
                   <reference key="3"></reference>
                   <string role="key" value="_thumbnailResource"></string>
                   <none></none>
                   <string role="key" value="exe.engine.galleryidevice.GalleryImage.persistenceVersion"></string>
                   <int value="3"></int>
                   <string role="key" value="makeThumbnail"></string>
                   <bool value="0"></bool>
                  </dictionary>
                 </instance>
                 <instance class="exe.engine.galleryidevice.GalleryImage">
                  <dictionary>
                   <string role="key" value="_caption"></string>
                   <instance class="exe.engine.field.TextField">
                    <dictionary>
                     <string role="key" value="_id"></string>
                     <int value="230"></int>
                     <string role="key" value="_idevice"></string>
                     <none></none>
                     <string role="key" value="_instruc"></string>
                     <string value=""></string>
                     <string role="key" value="_name"></string>
                     <string value=""></string>
                     <string role="key" value="content"></string>
                     <string value=""></string>
                     <string role="key" value="exe.engine.field.Field.persistenceVersion"></string>
                     <int value="4"></int>
                    </dictionary>
                   </instance>
                   <string role="key" value="_id"></string>
                   <unicode value="3_117_2.5"></unicode>
                   <string role="key" value="_imageResource"></string>
                   <instance class="exe.engine.resource.Resource" reference="6">
                    <dictionary>
                     <string role="key" value="_idevice"></string>
                     <reference key="2"></reference>
                     <string role="key" value="_package"></string>
                     <reference key="1"></reference>
                     <string role="key" value="_storageName"></string>
                     <string value="_3.png"></string>
                     <string role="key" value="_userName"></string>
                     <string value="/var/folders/qn/8hytlrh50gz07vl76sw8p3sc0000gp/T/tmpF74MnP/_3.png"></string>
                     <string role="key" value="checksum"></string>
                     <string value="ae8ba68fc5c5f1db47dcd1a461741aff"></string>
                     <string role="key" value="exe.engine.resource.Resource.persistenceVersion"></string>
                     <int value="2"></int>
                     <string role="key" value="exe.engine.resource._Resource.persistenceVersion"></string>
                     <int value="2"></int>
                     <string role="key" value="warningMsg"></string>
                     <string value=""></string>
                    </dictionary>
                   </instance>
                   <string role="key" value="_parent"></string>
                   <reference key="3"></reference>
                   <string role="key" value="_thumbnailResource"></string>
                   <none></none>
                   <string role="key" value="exe.engine.galleryidevice.GalleryImage.persistenceVersion"></string>
                   <int value="3"></int>
                   <string role="key" value="makeThumbnail"></string>
                   <bool value="0"></bool>
                  </dictionary>
                 </instance>
                 <instance class="exe.engine.galleryidevice.GalleryImage">
                  <dictionary>
                   <string role="key" value="_caption"></string>
                   <instance class="exe.engine.field.TextField">
                    <dictionary>
                     <string role="key" value="_id"></string>
                     <int value="231"></int>
                     <string role="key" value="_idevice"></string>
                     <none></none>
                     <string role="key" value="_instruc"></string>
                     <string value=""></string>
                     <string role="key" value="_name"></string>
                     <string value=""></string>
                     <string role="key" value="content"></string>
                     <string value=""></string>
                     <string role="key" value="exe.engine.field.Field.persistenceVersion"></string>
                     <int value="4"></int>
                    </dictionary>
                   </instance>
                   <string role="key" value="_id"></string>
                   <unicode value="3_117_2.6"></unicode>
                   <string role="key" value="_imageResource"></string>
                   <instance class="exe.engine.resource.Resource" reference="7">
                    <dictionary>
                     <string role="key" value="_idevice"></string>
                     <reference key="2"></reference>
                     <string role="key" value="_package"></string>
                     <reference key="1"></reference>
                     <string role="key" value="_storageName"></string>
                     <string value="_1.png"></string>
                     <string role="key" value="_userName"></string>
                     <string value="/var/folders/qn/8hytlrh50gz07vl76sw8p3sc0000gp/T/tmpF74MnP/_1.png"></string>
                     <string role="key" value="checksum"></string>
                     <string value="ea6d54bec203287c074c142f3a8bae67"></string>
                     <string role="key" value="exe.engine.resource.Resource.persistenceVersion"></string>
                     <int value="2"></int>
                     <string role="key" value="exe.engine.resource._Resource.persistenceVersion"></string>
                     <int value="2"></int>
                     <string role="key" value="warningMsg"></string>
                     <string value=""></string>
                    </dictionary>
                   </instance>
                   <string role="key" value="_parent"></string>
                   <reference key="3"></reference>
                   <string role="key" value="_thumbnailResource"></string>
                   <none></none>
                   <string role="key" value="exe.engine.galleryidevice.GalleryImage.persistenceVersion"></string>
                   <int value="3"></int>
                   <string role="key" value="makeThumbnail"></string>
                   <bool value="0"></bool>
                  </dictionary>
                 </instance>
                 <instance class="exe.engine.galleryidevice.GalleryImage">
                  <dictionary>
                   <string role="key" value="_caption"></string>
                   <instance class="exe.engine.field.TextField">
                    <dictionary>
                     <string role="key" value="_id"></string>
                     <int value="232"></int>
                     <string role="key" value="_idevice"></string>
                     <none></none>
                     <string role="key" value="_instruc"></string>
                     <string value=""></string>
                     <string role="key" value="_name"></string>
                     <string value=""></string>
                     <string role="key" value="content"></string>
                     <string value=""></string>
                     <string role="key" value="exe.engine.field.Field.persistenceVersion"></string>
                     <int value="4"></int>
                    </dictionary>
                   </instance>
                   <string role="key" value="_id"></string>
                   <unicode value="3_117_2.7"></unicode>
                   <string role="key" value="_imageResource"></string>
                   <instance class="exe.engine.resource.Resource" reference="8">
                    <dictionary>
                     <string role="key" value="_idevice"></string>
                     <reference key="2"></reference>
                     <string role="key" value="_package"></string>
                     <reference key="1"></reference>
                     <string role="key" value="_storageName"></string>
                     <string value="4.png"></string>
                     <string role="key" value="_userName"></string>
                     <string value="/var/folders/qn/8hytlrh50gz07vl76sw8p3sc0000gp/T/tmpF74MnP/4.png"></string>
                     <string role="key" value="checksum"></string>
                     <string value="fcd0d5e10a083171ddcca95eb97aab46"></string>
                     <string role="key" value="exe.engine.resource.Resource.persistenceVersion"></string>
                     <int value="2"></int>
                     <string role="key" value="exe.engine.resource._Resource.persistenceVersion"></string>
                     <int value="2"></int>
                     <string role="key" value="warningMsg"></string>
                     <string value=""></string>
                    </dictionary>
                   </instance>
                   <string role="key" value="_parent"></string>
                   <reference key="3"></reference>
                   <string role="key" value="_thumbnailResource"></string>
                   <none></none>
                   <string role="key" value="exe.engine.galleryidevice.GalleryImage.persistenceVersion"></string>
                   <int value="3"></int>
                   <string role="key" value="makeThumbnail"></string>
                   <bool value="0"></bool>
                  </dictionary>
                 </instance>
                </list>
                <string role="key" value="idevice"></string>
                <reference key="3"></reference>
               </dictionary>
              </instance>
              <string role="key" value="intlinks_to_anchors"></string>
              <dictionary></dictionary>
              <string role="key" value="nextImageId"></string>
              <int value="8"></int>
              <string role="key" value="parentNode"></string>
              <reference key="4"></reference>
             </dictionary>
            </instance>
           </list>
           <string role="key" value="icon"></string>
           <unicode value="activity"></unicode>
           <string role="key" value="id"></string>
           <unicode value="3"></unicode>
           <string role="key" value="ideviceCategory"></string>
           <unicode value="Text and Tasks"></unicode>
           <string role="key" value="lastIdevice"></string>
           <bool value="0"></bool>
           <string role="key" value="nextFieldId"></string>
           <int value="3"></int>
           <string role="key" value="originalicon"></string>
           <unicode value="activity"></unicode>
           <string role="key" value="parentNode"></string>
           <reference key="4"></reference>
           <string role="key" value="systemResources"></string>
           <list></list>
           <string role="key" value="undo"></string>
           <bool value="1"></bool>
           <string role="key" value="userResources"></string>
           <list>
            <reference key="5"></reference>
            <reference key="6"></reference>
            <reference key="7"></reference>
            <reference key="8"></reference>
           </list>
           <string role="key" value="version"></string>
           <int value="0"></int>
          </dictionary>
         </instance>
        </list>
        <string role="key" value="_id"></string>
        <unicode value="1"></unicode>
        <string role="key" value="_package"></string>
        <reference key="1"></reference>
        <string role="key" value="anchor_fields"></string>
        <list></list>
        <string role="key" value="exe.engine.node.Node.persistenceVersion"></string>
        <int value="2"></int>
        <string role="key" value="exportType"></string>
        <string value="scorm"></string>
        <string role="key" value="last_full_node_path"></string>
        <string value="exe-node:%E9%A6%96%E9%A0%81:AI-%E8%B6%85%E7%B4%9A%E7%91%AA%E8%8E%89%E6%94%BB%E7%95%A5"></string>
        <string role="key" value="parent"></string>
        <reference key="9"></reference>
        <string role="key" value="top_anchors_linked_from_fields"></string>
        <list></list>
        <string role="key" value="children"></string>
        <list>
         <instance class="exe.engine.node.Node" reference="10">
          <dictionary>
           <string role="key" value="_title"></string>
           <unicode value="超級瑪麗-前置作業篇"></unicode>
           <string role="key" value="idevices"></string>
           <list>
            <instance class="exe.engine.casestudyidevice.CasestudyIdevice" reference="11">
             <dictionary>
              <string role="key" value="_title"></string>
              <unicode value="模擬器環境設置"></unicode>
              <string role="key" value="_author"></string>
              <unicode value="University of Auckland"></unicode>
              <string role="key" value="_feedbackInstruc"></string>
              <unicode value="Provide relevant feedback on the 
situation."></unicode>
              <string role="key" value="_purpose"></string>
              <unicode value="A case study is a device that provides learners 
with a simulation that has an educational basis. It takes a situation, generally 
based in reality, and asks learners to demonstrate or describe what action they 
would take to complete a task or resolve a situation. The case study allows 
learners apply their own knowledge and experience to completing the tasks 
assigned. when designing a case study consider the following:&lt;ul&gt; 
&lt;li&gt;    What educational points are conveyed in the story&lt;/li&gt;
&lt;li&gt;    What preparation will the learners need to do prior to working on the 
case study&lt;/li&gt;
&lt;li&gt;    Where the case study fits into the rest of the course&lt;/li&gt;
&lt;li&gt;    How the learners will interact with the materials and each other e.g.
if run in a classroom situation can teams be setup to work on different aspects
of the case and if so how are ideas feed back to the class&lt;/li&gt;&lt;/ul&gt;"></unicode>
              <string role="key" value="_questionInstruc"></string>
              <unicode value="Describe the activity tasks relevant 
to the case story provided. These could be in the form of questions or 
instructions for activity which may lead the learner to resolving a dilemma 
presented. "></unicode>
              <string role="key" value="_storyInstruc"></string>
              <unicode value="Create the case story. A good case is one 
that describes a controversy or sets the scene by describing the characters 
involved and the situation. It should also allow for some action to be taken 
in order to gain resolution of the situation."></unicode>
              <string role="key" value="_tip"></string>
              <string value=""></string>
              <string role="key" value="defaultImage"></string>
              <unicode value="/private/var/folders/qn/8hytlrh50gz07vl76sw8p3sc0000gp/T/AppTranslocation/21D48C1E-E219-409F-BF06-D5F8F55CADF1/d/exe.app/Contents/Resources/exe/images/empty.gif"></unicode>
              <string role="key" value="edit"></string>
              <bool value="0"></bool>
              <string role="key" value="emphasis"></string>
              <int value="1"></int>
              <string role="key" value="exe.engine.casestudyidevice.CasestudyIdevice.persistenceVersion"></string>
              <int value="9"></int>
              <string role="key" value="icon"></string>
              <unicode value="casestudy"></unicode>
              <string role="key" value="id"></string>
              <unicode value="1"></unicode>
              <string role="key" value="lastIdevice"></string>
              <bool value="0"></bool>
              <string role="key" value="originalicon"></string>
              <unicode value="casestudy"></unicode>
              <string role="key" value="parentNode"></string>
              <reference key="10"></reference>
              <string role="key" value="questions"></string>
              <list>
               <instance class="exe.engine.casestudyidevice.Question">
                <dictionary>
                 <string role="key" value="questionTextArea"></string>
                 <instance class="exe.engine.field.TextAreaField" reference="12">
                  <dictionary>
                   <string role="key" value="_id"></string>
                   <int value="107"></int>
                   <string role="key" value="_idevice"></string>
                   <reference key="11"></reference>
                   <string role="key" value="_instruc"></string>
                   <unicode value=""></unicode>
                   <string role="key" value="_name"></string>
                   <unicode value=""></unicode>
                   <string role="key" value="anchor_names"></string>
                   <list></list>
                   <string role="key" value="anchors_linked_from_fields"></string>
                   <dictionary></dictionary>
                   <string role="key" value="content_w_resourcePaths"></string>
                   <unicode content="true" value=""></unicode>
                   <string role="key" value="exe.engine.field.Field.persistenceVersion"></string>
                   <int value="4"></int>
                   <string role="key" value="exe.engine.field.FieldWithResources.persistenceVersion"></string>
                   <int value="2"></int>
                   <string role="key" value="exe.engine.field.TextAreaField.persistenceVersion"></string>
                   <int value="3"></int>
                   <string role="key" value="htmlTag"></string>
                   <string value="section"></string>
                   <string role="key" value="images"></string>
                   <instance class="exe.engine.galleryidevice.GalleryImages">
                    <dictionary>
                     <string role="key" value=".listitems"></string>
                     <list></list>
                     <string role="key" value="idevice"></string>
                     <reference key="12"></reference>
                    </dictionary>
                   </instance>
                   <string role="key" value="intlinks_to_anchors"></string>
                   <dictionary></dictionary>
                   <string role="key" value="nextImageId"></string>
                   <int value="0"></int>
                   <string role="key" value="parentNode"></string>
                   <reference key="10"></reference>
                  </dictionary>
                 </instance>
                 <string role="key" value="exe.engine.casestudyidevice.Question.persistenceVersion"></string>
                 <int value="2"></int>
                 <string role="key" value="feedbackTextArea"></string>
                 <instance class="exe.engine.field.Feedback2Field" reference="13">
                  <dictionary>
                   <string role="key" value="_id"></string>
                   <int value="108"></int>
                   <string role="key" value="_idevice"></string>
                   <reference key="11"></reference>
                   <string role="key" value="_instruc"></string>
                   <unicode value=""></unicode>
                   <string role="key" value="_name"></string>
                   <unicode value=""></unicode>
                   <string role="key" value="anchor_names"></string>
                   <list></list>
                   <string role="key" value="anchors_linked_from_fields"></string>
                   <dictionary></dictionary>
                   <string role="key" value="buttonCaption"></string>
                   <unicode value=""></unicode>
                   <string role="key" value="content_w_resourcePaths"></string>
                   <unicode content="true" value=""></unicode>
                   <string role="key" value="exe.engine.field.Feedback2Field.persistenceVersion"></string>
                   <int value="1"></int>
                   <string role="key" value="exe.engine.field.Field.persistenceVersion"></string>
                   <int value="4"></int>
                   <string role="key" value="exe.engine.field.FieldWithResources.persistenceVersion"></string>
                   <int value="2"></int>
                   <string role="key" value="feedback"></string>
                   <unicode value=""></unicode>
                   <string role="key" value="htmlTag"></string>
                   <string value="div"></string>
                   <string role="key" value="images"></string>
                   <instance class="exe.engine.galleryidevice.GalleryImages">
                    <dictionary>
                     <string role="key" value=".listitems"></string>
                     <list></list>
                     <string role="key" value="idevice"></string>
                     <reference key="13"></reference>
                    </dictionary>
                   </instance>
                   <string role="key" value="intlinks_to_anchors"></string>
                   <dictionary></dictionary>
                   <string role="key" value="nextImageId"></string>
                   <int value="0"></int>
                   <string role="key" value="parentNode"></string>
                   <reference key="10"></reference>
                  </dictionary>
                 </instance>
                </dictionary>
               </instance>
              </list>
              <string role="key" value="storyTextArea"></string>
              <instance class="exe.engine.field.TextAreaField" reference="14">
               <dictionary>
                <string role="key" value="_id"></string>
                <int value="106"></int>
                <string role="key" value="_idevice"></string>
                <reference key="11"></reference>
                <string role="key" value="_instruc"></string>
                <unicode value="Create the case story. A good case is one 
that describes a controversy or sets the scene by describing the characters 
involved and the situation. It should also allow for some action to be taken 
in order to gain resolution of the situation."></unicode>
                <string role="key" value="_name"></string>
                <unicode value="Story:"></unicode>
                <string role="key" value="anchor_names"></string>
                <list></list>
                <string role="key" value="anchors_linked_from_fields"></string>
                <dictionary></dictionary>
                <string role="key" value="content_w_resourcePaths"></string>
                <unicode content="true" value="&lt;p style=&quot;text-align: center;&quot;&gt;&lt;iframe width=&quot;560&quot; height=&quot;315&quot; src=&quot;https://www.youtube.com/embed/26maPdPnLxs&quot; title=&quot;YouTube video player&quot; frameborder=&quot;0&quot; allow=&quot;accelerometer; autoplay; clipboard-write; encrypted-media; gyroscope; picture-in-picture&quot; allowfullscreen=&quot;allowfullscreen&quot;&gt;&lt;/iframe&gt;&lt;/p&gt;
&lt;p style=&quot;text-align: center;&quot;&gt;&lt;strong&gt;&lt;span style=&quot;font-size: 18pt;&quot;&gt;影片教學&lt;/span&gt;&lt;/strong&gt;&lt;/p&gt;"></unicode>
                <string role="key" value="exe.engine.field.Field.persistenceVersion"></string>
                <int value="4"></int>
                <string role="key" value="exe.engine.field.FieldWithResources.persistenceVersion"></string>
                <int value="2"></int>
                <string role="key" value="exe.engine.field.TextAreaField.persistenceVersion"></string>
                <int value="3"></int>
                <string role="key" value="htmlTag"></string>
                <string value="section"></string>
                <string role="key" value="images"></string>
                <instance class="exe.engine.galleryidevice.GalleryImages">
                 <dictionary>
                  <string role="key" value=".listitems"></string>
                  <list></list>
                  <string role="key" value="idevice"></string>
                  <reference key="14"></reference>
                 </dictionary>
                </instance>
                <string role="key" value="intlinks_to_anchors"></string>
                <dictionary></dictionary>
                <string role="key" value="nextImageId"></string>
                <int value="0"></int>
                <string role="key" value="parentNode"></string>
                <reference key="10"></reference>
               </dictionary>
              </instance>
              <string role="key" value="systemResources"></string>
              <list></list>
              <string role="key" value="undo"></string>
              <bool value="1"></bool>
              <string role="key" value="userResources"></string>
              <list></list>
              <string role="key" value="version"></string>
              <int value="0"></int>
             </dictionary>
            </instance>
           </list>
           <string role="key" value="_id"></string>
           <unicode value="2"></unicode>
           <string role="key" value="_package"></string>
           <reference key="1"></reference>
           <string role="key" value="anchor_fields"></string>
           <list></list>
           <string role="key" value="exe.engine.node.Node.persistenceVersion"></string>
           <int value="2"></int>
           <string role="key" value="exportType"></string>
           <string value="scorm"></string>
           <string role="key" value="last_full_node_path"></string>
           <string value="exe-node:%E9%A6%96%E9%A0%81:AI-%E8%B6%85%E7%B4%9A%E7%91%AA%E8%8E%89%E6%94%BB%E7%95%A5:%E8%B6%85%E7%B4%9A%E7%91%AA%E9%BA%97-%E5%89%8D%E7%BD%AE%E4%BD%9C%E6%A5%AD%E7%AF%87"></string>
           <string role="key" value="parent"></string>
           <reference key="4"></reference>
           <string role="key" value="top_anchors_linked_from_fields"></string>
           <list></list>
           <string role="key" value="children"></string>
           <list>
            <instance class="exe.engine.node.Node" reference="15">
             <dictionary>
              <string role="key" value="_title"></string>
              <unicode value="超級瑪麗-技術理論篇"></unicode>
              <string role="key" value="idevices"></string>
              <list>
               <instance class="exe.engine.casestudyidevice.CasestudyIdevice" reference="16">
                <dictionary>
                 <string role="key" value="_title"></string>
                 <unicode value="技術理論篇"></unicode>
                 <string role="key" value="_author"></string>
                 <unicode value="University of Auckland"></unicode>
                 <string role="key" value="_feedbackInstruc"></string>
                 <unicode value="Provide relevant feedback on the 
situation."></unicode>
                 <string role="key" value="_purpose"></string>
                 <unicode value="A case study is a device that provides learners 
with a simulation that has an educational basis. It takes a situation, generally 
based in reality, and asks learners to demonstrate or describe what action they 
would take to complete a task or resolve a situation. The case study allows 
learners apply their own knowledge and experience to completing the tasks 
assigned. when designing a case study consider the following:&lt;ul&gt; 
&lt;li&gt;    What educational points are conveyed in the story&lt;/li&gt;
&lt;li&gt;    What preparation will the learners need to do prior to working on the 
case study&lt;/li&gt;
&lt;li&gt;    Where the case study fits into the rest of the course&lt;/li&gt;
&lt;li&gt;    How the learners will interact with the materials and each other e.g.
if run in a classroom situation can teams be setup to work on different aspects
of the case and if so how are ideas feed back to the class&lt;/li&gt;&lt;/ul&gt;"></unicode>
                 <string role="key" value="_questionInstruc"></string>
                 <unicode value="Describe the activity tasks relevant 
to the case story provided. These could be in the form of questions or 
instructions for activity which may lead the learner to resolving a dilemma 
presented. "></unicode>
                 <string role="key" value="_storyInstruc"></string>
                 <unicode value="Create the case story. A good case is one 
that describes a controversy or sets the scene by describing the characters 
involved and the situation. It should also allow for some action to be taken 
in order to gain resolution of the situation."></unicode>
                 <string role="key" value="_tip"></string>
                 <string value=""></string>
                 <string role="key" value="defaultImage"></string>
                 <unicode value="/private/var/folders/qn/8hytlrh50gz07vl76sw8p3sc0000gp/T/AppTranslocation/21D48C1E-E219-409F-BF06-D5F8F55CADF1/d/exe.app/Contents/Resources/exe/images/empty.gif"></unicode>
                 <string role="key" value="edit"></string>
                 <bool value="0"></bool>
                 <string role="key" value="emphasis"></string>
                 <int value="1"></int>
                 <string role="key" value="exe.engine.casestudyidevice.CasestudyIdevice.persistenceVersion"></string>
                 <int value="9"></int>
                 <string role="key" value="icon"></string>
                 <unicode value="casestudy"></unicode>
                 <string role="key" value="id"></string>
                 <unicode value="4"></unicode>
                 <string role="key" value="lastIdevice"></string>
                 <bool value="0"></bool>
                 <string role="key" value="originalicon"></string>
                 <unicode value="casestudy"></unicode>
                 <string role="key" value="parentNode"></string>
                 <reference key="15"></reference>
                 <string role="key" value="questions"></string>
                 <list></list>
                 <string role="key" value="storyTextArea"></string>
                 <instance class="exe.engine.field.TextAreaField" reference="17">
                  <dictionary>
                   <string role="key" value="_id"></string>
                   <int value="106"></int>
                   <string role="key" value="_idevice"></string>
                   <reference key="16"></reference>
                   <string role="key" value="_instruc"></string>
                   <unicode value="Create the case story. A good case is one 
that describes a controversy or sets the scene by describing the characters 
involved and the situation. It should also allow for some action to be taken 
in order to gain resolution of the situation."></unicode>
                   <string role="key" value="_name"></string>
                   <unicode value="Story:"></unicode>
                   <string role="key" value="anchor_names"></string>
                   <list></list>
                   <string role="key" value="anchors_linked_from_fields"></string>
                   <dictionary></dictionary>
                   <string role="key" value="content_w_resourcePaths"></string>
                   <unicode content="true" value="&lt;p style=&quot;text-align: center;&quot;&gt;&lt;iframe width=&quot;560&quot; height=&quot;315&quot; src=&quot;https://www.youtube.com/embed/Qj6XBRAeevE&quot; title=&quot;YouTube video player&quot; frameborder=&quot;0&quot; allow=&quot;accelerometer; autoplay; clipboard-write; encrypted-media; gyroscope; picture-in-picture&quot; allowfullscreen=&quot;allowfullscreen&quot;&gt;&lt;/iframe&gt;&lt;/p&gt;
&lt;p style=&quot;text-align: center;&quot;&gt;&lt;strong&gt;&lt;span style=&quot;font-size: 18pt;&quot;&gt;影片教學&lt;/span&gt;&lt;/strong&gt;&lt;/p&gt;"></unicode>
                   <string role="key" value="exe.engine.field.Field.persistenceVersion"></string>
                   <int value="4"></int>
                   <string role="key" value="exe.engine.field.FieldWithResources.persistenceVersion"></string>
                   <int value="2"></int>
                   <string role="key" value="exe.engine.field.TextAreaField.persistenceVersion"></string>
                   <int value="3"></int>
                   <string role="key" value="htmlTag"></string>
                   <string value="section"></string>
                   <string role="key" value="images"></string>
                   <instance class="exe.engine.galleryidevice.GalleryImages">
                    <dictionary>
                     <string role="key" value=".listitems"></string>
                     <list></list>
                     <string role="key" value="idevice"></string>
                     <reference key="17"></reference>
                    </dictionary>
                   </instance>
                   <string role="key" value="intlinks_to_anchors"></string>
                   <dictionary></dictionary>
                   <string role="key" value="nextImageId"></string>
                   <int value="0"></int>
                   <string role="key" value="parentNode"></string>
                   <reference key="15"></reference>
                  </dictionary>
                 </instance>
                 <string role="key" value="systemResources"></string>
                 <list></list>
                 <string role="key" value="undo"></string>
                 <bool value="1"></bool>
                 <string role="key" value="userResources"></string>
                 <list></list>
                 <string role="key" value="version"></string>
                 <int value="0"></int>
                </dictionary>
               </instance>
              </list>
              <string role="key" value="_id"></string>
              <unicode value="3"></unicode>
              <string role="key" value="_package"></string>
              <reference key="1"></reference>
              <string role="key" value="anchor_fields"></string>
              <list></list>
              <string role="key" value="exe.engine.node.Node.persistenceVersion"></string>
              <int value="2"></int>
              <string role="key" value="exportType"></string>
              <string value="scorm"></string>
              <string role="key" value="last_full_node_path"></string>
              <string value="exe-node:%E9%A6%96%E9%A0%81:AI-%E8%B6%85%E7%B4%9A%E7%91%AA%E8%8E%89%E6%94%BB%E7%95%A5:%E8%B6%85%E7%B4%9A%E7%91%AA%E9%BA%97-%E5%89%8D%E7%BD%AE%E4%BD%9C%E6%A5%AD%E7%AF%87:%E8%B6%85%E7%B4%9A%E7%91%AA%E9%BA%97-%E6%8A%80%E8%A1%93%E7%90%86%E8%AB%96%E7%AF%87"></string>
              <string role="key" value="parent"></string>
              <reference key="10"></reference>
              <string role="key" value="top_anchors_linked_from_fields"></string>
              <list></list>
              <string role="key" value="children"></string>
              <list></list>
             </dictionary>
            </instance>
           </list>
          </dictionary>
         </instance>
        </list>
       </dictionary>
      </instance>
     </list>
    </dictionary>
   </instance>
   <unicode role="key" value="1"></unicode>
   <reference key="4"></reference>
   <unicode role="key" value="2"></unicode>
   <reference key="10"></reference>
   <unicode role="key" value="3"></unicode>
   <reference key="15"></reference>
  </dictionary>
  <string role="key" value="_objectives"></string>
  <unicode value=""></unicode>
  <string role="key" value="_preknowledge"></string>
  <unicode value=""></unicode>
  <string role="key" value="_templateFile"></string>
  <string value="Base"></string>
  <string role="key" value="backgroundImgTile"></string>
  <bool value="0"></bool>
  <string role="key" value="currentNode"></string>
  <reference key="4"></reference>
  <string role="key" value="dublinCore"></string>
  <instance class="exe.engine.package.DublinCore">
   <dictionary>
    <string role="key" value="contributors"></string>
    <unicode value=""></unicode>
    <string role="key" value="coverage"></string>
    <unicode value=""></unicode>
    <string role="key" value="creator"></string>
    <unicode value=""></unicode>
    <string role="key" value="date"></string>
    <unicode value=""></unicode>
    <string role="key" value="description"></string>
    <unicode value=""></unicode>
    <string role="key" value="format"></string>
    <unicode value=""></unicode>
    <string role="key" value="identifier"></string>
    <unicode value="4a7d755e-34a5-410a-a7d4-601881136623"></unicode>
    <string role="key" value="language"></string>
    <unicode value="zh_TW"></unicode>
    <string role="key" value="publisher"></string>
    <unicode value=""></unicode>
    <string role="key" value="relation"></string>
    <unicode value=""></unicode>
    <string role="key" value="rights"></string>
    <unicode value=""></unicode>
    <string role="key" value="source"></string>
    <unicode value=""></unicode>
    <string role="key" value="subject"></string>
    <unicode value=""></unicode>
    <string role="key" value="title"></string>
    <unicode value="超級瑪麗"></unicode>
    <string role="key" value="type"></string>
    <unicode value=""></unicode>
   </dictionary>
  </instance>
  <string role="key" value="exe.engine.package.Package.persistenceVersion"></string>
  <int value="16"></int>
  <string role="key" value="exportMetadataType"></string>
  <string value="LOMES"></string>
  <string role="key" value="exportSource"></string>
  <bool value="1"></bool>
  <string role="key" value="footer"></string>
  <string value=""></string>
  <string role="key" value="isLoading"></string>
  <bool value="0"></bool>
  <string role="key" value="license"></string>
  <unicode value="creative commons: attribution - share alike 4.0"></unicode>
  <string role="key" value="lom"></string>
  <instance class="exe.engine.lom.lomsubs.lomSub">
   <dictionary>
    <string role="key" value="__index__"></string>
    <dictionary></dictionary>
    <string role="key" value="__oldchild__"></string>
    <none></none>
    <string role="key" value="annotation"></string>
    <list></list>
    <string role="key" value="classification"></string>
    <list></list>
    <string role="key" value="educational"></string>
    <list>
     <instance class="exe.engine.lom.lomsubs.educationalSub">
      <dictionary>
       <string role="key" value="cognitiveProcess"></string>
       <list></list>
       <string role="key" value="context"></string>
       <list></list>
       <string role="key" value="description"></string>
       <list></list>
       <string role="key" value="difficulty"></string>
       <none></none>
       <string role="key" value="intendedEndUserRole"></string>
       <list></list>
       <string role="key" value="interactivityLevel"></string>
       <none></none>
       <string role="key" value="interactivityType"></string>
       <none></none>
       <string role="key" value="language"></string>
       <list>
        <instance class="exe.engine.lom.lomsubs.LanguageIdSub">
         <dictionary>
          <string role="key" value="extensiontype_"></string>
          <none></none>
          <string role="key" value="valueOf_"></string>
          <string value="zh_TW"></string>
         </dictionary>
        </instance>
       </list>
       <string role="key" value="learningResourceType"></string>
       <list></list>
       <string role="key" value="semanticDensity"></string>
       <none></none>
       <string role="key" value="typicalAgeRange"></string>
       <list></list>
       <string role="key" value="typicalLearningTime"></string>
       <none></none>
      </dictionary>
     </instance>
    </list>
    <string role="key" value="general"></string>
    <instance class="exe.engine.lom.lomsubs.generalSub">
     <dictionary>
      <string role="key" value="aggregationLevel"></string>
      <instance class="exe.engine.lom.lomsubs.aggregationLevelSub">
       <dictionary>
        <string role="key" value="extensiontype_"></string>
        <none></none>
        <string role="key" value="source"></string>
        <instance class="exe.engine.lom.lomsubs.sourceValueSub">
         <dictionary>
          <string role="key" value="extensiontype_"></string>
          <none></none>
          <string role="key" value="string"></string>
          <list></list>
          <string role="key" value="uniqueElementName"></string>
          <string value="source"></string>
          <string role="key" value="valueOf_"></string>
          <string value="LOMv1.0"></string>
         </dictionary>
        </instance>
        <string role="key" value="uniqueElementName"></string>
        <string value="aggregationLevel"></string>
        <string role="key" value="value"></string>
        <instance class="exe.engine.lom.lomsubs.aggregationLevelValueSub">
         <dictionary>
          <string role="key" value="extensiontype_"></string>
          <none></none>
          <string role="key" value="source"></string>
          <none></none>
          <string role="key" value="uniqueElementName"></string>
          <string value="value"></string>
          <string role="key" value="value"></string>
          <none></none>
          <string role="key" value="valueOf_"></string>
          <string value="2"></string>
         </dictionary>
        </instance>
       </dictionary>
      </instance>
      <string role="key" value="coverage"></string>
      <list></list>
      <string role="key" value="description"></string>
      <list></list>
      <string role="key" value="identifier"></string>
      <list>
       <instance class="exe.engine.lom.lomsubs.identifierSub">
        <dictionary>
         <string role="key" value="catalog"></string>
         <instance class="exe.engine.lom.lomsubs.catalogSub">
          <dictionary>
           <string role="key" value="uniqueElementName"></string>
           <string value="catalog"></string>
           <string role="key" value="valueOf_"></string>
           <unicode value="My Catalog"></unicode>
          </dictionary>
         </instance>
         <string role="key" value="entry"></string>
         <instance class="exe.engine.lom.lomsubs.entrySub">
          <dictionary>
           <string role="key" value="uniqueElementName"></string>
           <string value="entry"></string>
           <string role="key" value="valueOf_"></string>
           <unicode value="4a7d755e-34a5-410a-a7d4-601881136623"></unicode>
          </dictionary>
         </instance>
        </dictionary>
       </instance>
      </list>
      <string role="key" value="keyword"></string>
      <list></list>
      <string role="key" value="language"></string>
      <list>
       <instance class="exe.engine.lom.lomsubs.LanguageIdSub">
        <dictionary>
         <string role="key" value="extensiontype_"></string>
         <none></none>
         <string role="key" value="valueOf_"></string>
         <string value="zh_TW"></string>
        </dictionary>
       </instance>
      </list>
      <string role="key" value="structure"></string>
      <none></none>
      <string role="key" value="title"></string>
      <instance class="exe.engine.lom.lomsubs.titleSub">
       <dictionary>
        <string role="key" value="extensiontype_"></string>
        <none></none>
        <string role="key" value="string"></string>
        <list>
         <instance class="exe.engine.lom.lomsubs.LangStringSub">
          <dictionary>
           <string role="key" value="language"></string>
           <string value="zh_TW"></string>
           <string role="key" value="valueOf_"></string>
           <string value="\xe8\xb6\x85\xe7\xb4\x9a\xe7\x91\xaa\xe9\xba\x97"></string>
          </dictionary>
         </instance>
        </list>
        <string role="key" value="uniqueElementName"></string>
        <none></none>
       </dictionary>
      </instance>
      <string role="key" value="uniqueElementName"></string>
      <string value="general"></string>
     </dictionary>
    </instance>
    <string role="key" value="lifeCycle"></string>
    <none></none>
    <string role="key" value="metaMetadata"></string>
    <instance class="exe.engine.lom.lomsubs.metaMetadataSub">
     <dictionary>
      <string role="key" value="contribute"></string>
      <list></list>
      <string role="key" value="identifier"></string>
      <list></list>
      <string role="key" value="language"></string>
      <instance class="exe.engine.lom.lomsubs.LanguageIdSub">
       <dictionary>
        <string role="key" value="extensiontype_"></string>
        <none></none>
        <string role="key" value="valueOf_"></string>
        <string value="zh_TW"></string>
       </dictionary>
      </instance>
      <string role="key" value="metadataSchema"></string>
      <list>
       <instance class="exe.engine.lom.lomsubs.metadataSchemaSub">
        <dictionary>
         <string role="key" value="valueOf_"></string>
         <string value="LOMv1.0"></string>
        </dictionary>
       </instance>
      </list>
      <string role="key" value="uniqueElementName"></string>
      <string value="metaMetadata"></string>
     </dictionary>
    </instance>
    <string role="key" value="relation"></string>
    <list></list>
    <string role="key" value="rights"></string>
    <instance class="exe.engine.lom.lomsubs.rightsSub">
     <dictionary>
      <string role="key" value="access"></string>
      <none></none>
      <string role="key" value="copyrightAndOtherRestrictions"></string>
      <instance class="exe.engine.lom.lomsubs.copyrightAndOtherRestrictionsSub">
       <dictionary>
        <string role="key" value="extensiontype_"></string>
        <none></none>
        <string role="key" value="source"></string>
        <instance class="exe.engine.lom.lomsubs.sourceValueSub">
         <dictionary>
          <string role="key" value="extensiontype_"></string>
          <none></none>
          <string role="key" value="string"></string>
          <list></list>
          <string role="key" value="uniqueElementName"></string>
          <string value="source"></string>
          <string role="key" value="valueOf_"></string>
          <string value="LOMv1.0"></string>
         </dictionary>
        </instance>
        <string role="key" value="uniqueElementName"></string>
        <string value="copyrightAndOtherRestrictions"></string>
        <string role="key" value="value"></string>
        <instance class="exe.engine.lom.lomsubs.copyrightAndOtherRestrictionsValueSub">
         <dictionary>
          <string role="key" value="extensiontype_"></string>
          <none></none>
          <string role="key" value="source"></string>
          <none></none>
          <string role="key" value="uniqueElementName"></string>
          <string value="value"></string>
          <string role="key" value="value"></string>
          <none></none>
          <string role="key" value="valueOf_"></string>
          <string value="yes"></string>
         </dictionary>
        </instance>
       </dictionary>
      </instance>
      <string role="key" value="cost"></string>
      <none></none>
      <string role="key" value="description"></string>
      <none></none>
      <string role="key" value="uniqueElementName"></string>
      <none></none>
     </dictionary>
    </instance>
    <string role="key" value="technical"></string>
    <none></none>
   </dictionary>
  </instance>
  <string role="key" value="lomEs"></string>
  <instance class="exe.engine.lom.lomsubs.lomSub">
   <dictionary>
    <string role="key" value="__index__"></string>
    <dictionary></dictionary>
    <string role="key" value="__oldchild__"></string>
    <none></none>
    <string role="key" value="annotation"></string>
    <list></list>
    <string role="key" value="classification"></string>
    <list></list>
    <string role="key" value="educational"></string>
    <list>
     <instance class="exe.engine.lom.lomsubs.educationalSub">
      <dictionary>
       <string role="key" value="cognitiveProcess"></string>
       <list></list>
       <string role="key" value="context"></string>
       <list></list>
       <string role="key" value="description"></string>
       <list></list>
       <string role="key" value="difficulty"></string>
       <none></none>
       <string role="key" value="intendedEndUserRole"></string>
       <list></list>
       <string role="key" value="interactivityLevel"></string>
       <none></none>
       <string role="key" value="interactivityType"></string>
       <none></none>
       <string role="key" value="language"></string>
       <list>
        <instance class="exe.engine.lom.lomsubs.LanguageIdSub">
         <dictionary>
          <string role="key" value="extensiontype_"></string>
          <none></none>
          <string role="key" value="valueOf_"></string>
          <string value="zh_TW"></string>
         </dictionary>
        </instance>
       </list>
       <string role="key" value="learningResourceType"></string>
       <list></list>
       <string role="key" value="semanticDensity"></string>
       <none></none>
       <string role="key" value="typicalAgeRange"></string>
       <list></list>
       <string role="key" value="typicalLearningTime"></string>
       <none></none>
      </dictionary>
     </instance>
    </list>
    <string role="key" value="general"></string>
    <instance class="exe.engine.lom.lomsubs.generalSub">
     <dictionary>
      <string role="key" value="aggregationLevel"></string>
      <instance class="exe.engine.lom.lomsubs.aggregationLevelSub">
       <dictionary>
        <string role="key" value="extensiontype_"></string>
        <none></none>
        <string role="key" value="source"></string>
        <instance class="exe.engine.lom.lomsubs.sourceValueSub">
         <dictionary>
          <string role="key" value="extensiontype_"></string>
          <none></none>
          <string role="key" value="string"></string>
          <list></list>
          <string role="key" value="uniqueElementName"></string>
          <string value="source"></string>
          <string role="key" value="valueOf_"></string>
          <string value="LOM-ESv1.0"></string>
         </dictionary>
        </instance>
        <string role="key" value="uniqueElementName"></string>
        <string value="aggregationLevel"></string>
        <string role="key" value="value"></string>
        <instance class="exe.engine.lom.lomsubs.aggregationLevelValueSub">
         <dictionary>
          <string role="key" value="extensiontype_"></string>
          <none></none>
          <string role="key" value="source"></string>
          <none></none>
          <string role="key" value="uniqueElementName"></string>
          <string value="value"></string>
          <string role="key" value="value"></string>
          <none></none>
          <string role="key" value="valueOf_"></string>
          <string value="2"></string>
         </dictionary>
        </instance>
       </dictionary>
      </instance>
      <string role="key" value="coverage"></string>
      <list></list>
      <string role="key" value="description"></string>
      <list></list>
      <string role="key" value="identifier"></string>
      <list>
       <instance class="exe.engine.lom.lomsubs.identifierSub">
        <dictionary>
         <string role="key" value="catalog"></string>
         <instance class="exe.engine.lom.lomsubs.catalogSub">
          <dictionary>
           <string role="key" value="uniqueElementName"></string>
           <string value="catalog"></string>
           <string role="key" value="valueOf_"></string>
           <unicode value="My Catalog"></unicode>
          </dictionary>
         </instance>
         <string role="key" value="entry"></string>
         <instance class="exe.engine.lom.lomsubs.entrySub">
          <dictionary>
           <string role="key" value="uniqueElementName"></string>
           <string value="entry"></string>
           <string role="key" value="valueOf_"></string>
           <unicode value="4a7d755e-34a5-410a-a7d4-601881136623"></unicode>
          </dictionary>
         </instance>
        </dictionary>
       </instance>
      </list>
      <string role="key" value="keyword"></string>
      <list></list>
      <string role="key" value="language"></string>
      <list>
       <instance class="exe.engine.lom.lomsubs.LanguageIdSub">
        <dictionary>
         <string role="key" value="extensiontype_"></string>
         <none></none>
         <string role="key" value="valueOf_"></string>
         <string value="zh_TW"></string>
        </dictionary>
       </instance>
      </list>
      <string role="key" value="structure"></string>
      <none></none>
      <string role="key" value="title"></string>
      <instance class="exe.engine.lom.lomsubs.titleSub">
       <dictionary>
        <string role="key" value="extensiontype_"></string>
        <none></none>
        <string role="key" value="string"></string>
        <list>
         <instance class="exe.engine.lom.lomsubs.LangStringSub">
          <dictionary>
           <string role="key" value="language"></string>
           <string value="zh_TW"></string>
           <string role="key" value="valueOf_"></string>
           <string value="\xe8\xb6\x85\xe7\xb4\x9a\xe7\x91\xaa\xe9\xba\x97"></string>
          </dictionary>
         </instance>
        </list>
        <string role="key" value="uniqueElementName"></string>
        <none></none>
       </dictionary>
      </instance>
      <string role="key" value="uniqueElementName"></string>
      <string value="general"></string>
     </dictionary>
    </instance>
    <string role="key" value="lifeCycle"></string>
    <none></none>
    <string role="key" value="metaMetadata"></string>
    <instance class="exe.engine.lom.lomsubs.metaMetadataSub">
     <dictionary>
      <string role="key" value="contribute"></string>
      <list></list>
      <string role="key" value="identifier"></string>
      <list></list>
      <string role="key" value="language"></string>
      <instance class="exe.engine.lom.lomsubs.LanguageIdSub">
       <dictionary>
        <string role="key" value="extensiontype_"></string>
        <none></none>
        <string role="key" value="valueOf_"></string>
        <string value="zh_TW"></string>
       </dictionary>
      </instance>
      <string role="key" value="metadataSchema"></string>
      <list>
       <instance class="exe.engine.lom.lomsubs.metadataSchemaSub">
        <dictionary>
         <string role="key" value="valueOf_"></string>
         <string value="LOM-ESv1.0"></string>
        </dictionary>
       </instance>
      </list>
      <string role="key" value="uniqueElementName"></string>
      <string value="metaMetadata"></string>
     </dictionary>
    </instance>
    <string role="key" value="relation"></string>
    <list></list>
    <string role="key" value="rights"></string>
    <instance class="exe.engine.lom.lomsubs.rightsSub">
     <dictionary>
      <string role="key" value="access"></string>
      <instance class="exe.engine.lom.lomsubs.accessSub">
       <dictionary>
        <string role="key" value="accessType"></string>
        <instance class="exe.engine.lom.lomsubs.accessTypeSub">
         <dictionary>
          <string role="key" value="extensiontype_"></string>
          <none></none>
          <string role="key" value="source"></string>
          <instance class="exe.engine.lom.lomsubs.sourceValueSub">
           <dictionary>
            <string role="key" value="extensiontype_"></string>
            <none></none>
            <string role="key" value="string"></string>
            <list></list>
            <string role="key" value="uniqueElementName"></string>
            <string value="source"></string>
            <string role="key" value="valueOf_"></string>
            <string value="LOM-ESv1.0"></string>
           </dictionary>
          </instance>
          <string role="key" value="uniqueElementName"></string>
          <string value="accessType"></string>
          <string role="key" value="value"></string>
          <instance class="exe.engine.lom.lomsubs.accessTypeValueSub">
           <dictionary>
            <string role="key" value="extensiontype_"></string>
            <none></none>
            <string role="key" value="source"></string>
            <none></none>
            <string role="key" value="uniqueElementName"></string>
            <string value="value"></string>
            <string role="key" value="value"></string>
            <none></none>
            <string role="key" value="valueOf_"></string>
            <string value="universal"></string>
           </dictionary>
          </instance>
         </dictionary>
        </instance>
        <string role="key" value="description"></string>
        <instance class="exe.engine.lom.lomsubs.LanguageStringSub">
         <dictionary>
          <string role="key" value="extensiontype_"></string>
          <none></none>
          <string role="key" value="string"></string>
          <list>
           <instance class="exe.engine.lom.lomsubs.LangStringSub">
            <dictionary>
             <string role="key" value="language"></string>
             <string value="en"></string>
             <string role="key" value="valueOf_"></string>
             <unicode value="Default"></unicode>
            </dictionary>
           </instance>
          </list>
         </dictionary>
        </instance>
        <string role="key" value="uniqueElementName"></string>
        <string value="access"></string>
       </dictionary>
      </instance>
      <string role="key" value="copyrightAndOtherRestrictions"></string>
      <instance class="exe.engine.lom.lomsubs.copyrightAndOtherRestrictionsSub">
       <dictionary>
        <string role="key" value="extensiontype_"></string>
        <none></none>
        <string role="key" value="source"></string>
        <instance class="exe.engine.lom.lomsubs.sourceValueSub">
         <dictionary>
          <string role="key" value="extensiontype_"></string>
          <none></none>
          <string role="key" value="string"></string>
          <list></list>
          <string role="key" value="uniqueElementName"></string>
          <string value="source"></string>
          <string role="key" value="valueOf_"></string>
          <string value="LOM-ESv1.0"></string>
         </dictionary>
        </instance>
        <string role="key" value="uniqueElementName"></string>
        <string value="copyrightAndOtherRestrictions"></string>
        <string role="key" value="value"></string>
        <instance class="exe.engine.lom.lomsubs.copyrightAndOtherRestrictionsValueSub">
         <dictionary>
          <string role="key" value="extensiontype_"></string>
          <none></none>
          <string role="key" value="source"></string>
          <none></none>
          <string role="key" value="uniqueElementName"></string>
          <string value="value"></string>
          <string role="key" value="value"></string>
          <none></none>
          <string role="key" value="valueOf_"></string>
          <string value="creative commons: attribution - share alike"></string>
         </dictionary>
        </instance>
       </dictionary>
      </instance>
      <string role="key" value="cost"></string>
      <none></none>
      <string role="key" value="description"></string>
      <none></none>
      <string role="key" value="uniqueElementName"></string>
      <string value="rights"></string>
     </dictionary>
    </instance>
    <string role="key" value="technical"></string>
    <none></none>
   </dictionary>
  </instance>
  <string role="key" value="mxmlforcemediaonly"></string>
  <bool value="0"></bool>
  <string role="key" value="mxmlheight"></string>
  <string value=""></string>
  <string role="key" value="mxmlprofilelist"></string>
  <string value=""></string>
  <string role="key" value="mxmlwidth"></string>
  <string value=""></string>
  <string role="key" value="release"></string>
  <string value="2.7"></string>
  <string role="key" value="resources"></string>
  <dictionary>
   <string role="key" value="53794e9815ff05104951e798d0de4a4c"></string>
   <list>
    <reference key="5"></reference>
   </list>
   <string role="key" value="ae8ba68fc5c5f1db47dcd1a461741aff"></string>
   <list>
    <reference key="6"></reference>
   </list>
   <string role="key" value="ea6d54bec203287c074c142f3a8bae67"></string>
   <list>
    <reference key="7"></reference>
   </list>
   <string role="key" value="fcd0d5e10a083171ddcca95eb97aab46"></string>
   <list>
    <reference key="8"></reference>
   </list>
  </dictionary>
  <string role="key" value="root"></string>
  <reference key="9"></reference>
  <string role="key" value="scolinks"></string>
  <bool value="0"></bool>
  <string role="key" value="scowsinglepage"></string>
  <bool value="0"></bool>
  <string role="key" value="scowwebsite"></string>
  <bool value="0"></bool>
  <string role="key" value="style"></string>
  <unicode value="INTEF"></unicode>
  <string role="key" value="sugaractivityname"></string>
  <string value=""></string>
  <string role="key" value="sugarservicename"></string>
  <string value=""></string>
  <string role="key" value="tempFile"></string>
  <bool value="0"></bool>
 </dictionary>
</instance>