<?xml version="1.0" encoding="UTF-8"?>
<!-- Generated by eXe - http://exelearning.net -->
<manifest identifier="eXeAI_62cdd05326d8c8d4f41" 
xmlns:xsi="http://www.w3.org/2001/XMLSchema-instance" 
xmlns:adlcp="http://www.adlnet.org/xsd/adlcp_v1p3" 
xmlns:adlseq="http://www.adlnet.org/xsd/adlseq_v1p3" 
xmlns:adlnav="http://www.adlnet.org/xsd/adlnav_v1p3" 
xmlns:imsss="http://www.imsglobal.org/xsd/imsss" 
xmlns:lom="http://ltsc.ieee.org/xsd/LOM" 
xmlns:lomes="http://ltsc.ieee.org/xsd/LOM" 
xmlns="http://www.imsglobal.org/xsd/imscp_v1p1" 
xsi:schemaLocation="http://www.imsglobal.org/xsd/imscp_v1p1 imscp_v1p1.xsd http://ltsc.ieee.org/xsd/LOM lomCustom.xsd http://www.adlnet.org/xsd/adlcp_v1p3 adlcp_v1p3.xsd  http://www.imsglobal.org/xsd/imsss imsss_v1p0.xsd  http://www.adlnet.org/xsd/adlseq_v1p3 adlseq_v1p3.xsd http://www.adlnet.org/xsd/adlnav_v1p3 adlnav_v1p3.xsd"> 
<metadata> 
 <schema>ADL SCORM</schema> 
 <schemaversion>2004 4th Edition</schemaversion> 
 <adlcp:location>imslrm.xml</adlcp:location> 
</metadata> 
<organizations default="eXeAI_62cdd05326d8c8d4f42">  
    <organization identifier="eXeAI_62cdd05326d8c8d4f42" structure="hierarchical">
        <title>超級瑪麗</title>
<item identifier="ITEM-eXeAI_62cdd05326d8c8d4f43" isvisible="true">
    <title>首頁</title>
<item identifier="ITEM-eXeAI_62cdd05326d8c8d4f44" isvisible="true" identifierref="RES-eXeAI_62cdd05326d8c8d4f45">
    <title>首頁</title>
</item>
<item identifier="ITEM-eXeAI_62cdd05326d8c8d4f46" isvisible="true">
    <title>AI-超級瑪莉攻略</title>
<item identifier="ITEM-eXeAI_62cdd05326d8c8d4f47" isvisible="true" identifierref="RES-eXeAI_62cdd05326d8c8d4f48">
    <title>AI-超級瑪莉攻略</title>
</item>
<item identifier="ITEM-eXeAI_62cdd05326d8c8d4f49" isvisible="true">
    <title>超級瑪麗-前置作業篇</title>
<item identifier="ITEM-eXeAI_62cdd05326d8c8d4f4a" isvisible="true" identifierref="RES-eXeAI_62cdd05326d8c8d4f4b">
    <title>超級瑪麗-前置作業篇</title>
</item>
<item identifier="ITEM-eXeAI_62cdd05326d8c8d4f4c" isvisible="true" identifierref="RES-eXeAI_62cdd05326d8c8d4f4d">
    <title>超級瑪麗-技術理論篇</title>
</item>
  <imsss:sequencing>
    <imsss:controlMode choice="true" choiceExit="true" flow="true" forwardOnly="false"/>
  </imsss:sequencing></item>
  <imsss:sequencing>
    <imsss:controlMode choice="true" choiceExit="true" flow="true" forwardOnly="false"/>
  </imsss:sequencing></item>
  <imsss:sequencing>
    <imsss:controlMode choice="true" choiceExit="true" flow="true" forwardOnly="false"/>
  </imsss:sequencing></item>
  <imsss:sequencing>
    <imsss:controlMode choice="true" choiceExit="true" flow="true" forwardOnly="false"/>
  </imsss:sequencing>  </organization>
</organizations>
<resources>
  <resource identifier="RES-eXeAI_62cdd05326d8c8d4f45" type="webcontent" adlcp:scormType="sco" href="index.html"> 
    <file href="index.html"/> 
    <file href="exe_html5.js"/>
    <dependency identifierref="COMMON_FILES"/>
  </resource>
  <resource identifier="RES-eXeAI_62cdd05326d8c8d4f48" type="webcontent" adlcp:scormType="sco" href="ai.html"> 
    <file href="ai.html"/> 
    <file href="exe_html5.js"/>
    <file href="4.png"/>
    <file href="_1.png"/>
    <file href="_2.png"/>
    <file href="_3.png"/>
    <dependency identifierref="COMMON_FILES"/>
  </resource>
  <resource identifier="RES-eXeAI_62cdd05326d8c8d4f4b" type="webcontent" adlcp:scormType="sco" href="__.html"> 
    <file href="__.html"/> 
    <file href="exe_html5.js"/>
    <dependency identifierref="COMMON_FILES"/>
  </resource>
  <resource identifier="RES-eXeAI_62cdd05326d8c8d4f4d" type="webcontent" adlcp:scormType="sco" href="__0.html"> 
    <file href="__0.html"/> 
    <file href="exe_html5.js"/>
    <dependency identifierref="COMMON_FILES"/>
  </resource>
  <resource identifier="COMMON_FILES" type="webcontent" adlcp:scormType="asset">
    <file href="icon_award.png"/>
    <file href="_intef_menu.gif"/>
    <file href="icon_puzzle.png"/>
    <file href="icon_edia.png"/>
    <file href="_intef_print.png"/>
    <file href="content.css"/>
    <file href="icon_stars.png"/>
    <file href="_intef_icons.png"/>
    <file href="_intef_licenses.gif"/>
    <file href="icon_write.png"/>
    <file href="icon_exe.png"/>
    <file href="icon_presentation.png"/>
    <file href="icon_telescope.png"/>
    <file href="EncodeSans-Light_vietnamese.woff2"/>
    <file href="icon_think.png"/>
    <file href="icon_knowledge.png"/>
    <file href="icon_share.png"/>
    <file href="icon_microphone.png"/>
    <file href="icon_atom.png"/>
    <file href="nav.css"/>
    <file href="icon_tree.png"/>
    <file href="icon_beach.png"/>
    <file href="icon_network.png"/>
    <file href="config.xml"/>
    <file href="icon_compass.png"/>
    <file href="icon_classroom.png"/>
    <file href="icon_free_license.png"/>
    <file href="_intef_js.js"/>
    <file href="_intef_header.png"/>
    <file href="_intef_footer.png"/>
    <file href="icon_etwinning.png"/>
    <file href="icon_footprints.png"/>
    <file href="EncodeSans-Light_latin.woff2"/>
    <file href="icon_bulb.png"/>
    <file href="icon_list.png"/>
    <file href="icon_camera.png"/>
    <file href="_intef_title_bg.png"/>
    <file href="icon_teacher_screen.png"/>
    <file href="icon_plus.png"/>
    <file href="EncodeSans-Light_latin-ext.woff2"/>
    <file href="_intef_bg.png"/>
    <file href="_intef_left_column.gif"/>
    <file href="icon_gears.png"/>
    <file href="icon_talk.png"/>
    <file href="base.css"/>
    <file href="popup_bg.gif"/>
    <file href="SCORM_API_wrapper.js"/>
    <file href="SCOFunctions.js"/>
    <file href="common.js"/>
    <file href="common_i18n.js"/>
    <file href="exe_jquery.js"/>
    <file href="content.xsd"/>
    <file href="content.data"/>
    <file href="contentv3.xml"/>
    <file href="imslrm.xml"/>
  </resource>
</resources>
</manifest>
